{
  "type": "app",
  "name": "Zabbix",
  "id": "alexanderzobnin-zabbix-app",

  "css": {
    "dark":  "css/dark.css",
    "light":  "css/light.css"
  },

  "info": {
    "description": "Zabbix plugin for Grafana",
    "author": {
      "name": "Alexander Zobnin",
      "url": "https://github.com/alexanderzobnin"
    },
    "keywords": ["zabbix"],
    "logos": {
      "small": "img/zabbix_app_logo.svg",
      "large": "img/zabbix_app_logo.svg"
    },
    "links": [
      {"name": "GitHub", "url": "https://github.com/alexanderzobnin/grafana-zabbix"},
      {"name": "Docs", "url": "http://docs.grafana-zabbix.org"},
      {"name": "License", "url": "https://github.com/alexanderzobnin/grafana-zabbix/blob/master/LICENSE.md"}
    ],
    "screenshots": [
      {"name": "Showcase", "path": "img/screenshot-showcase.png"},
      {"name": "Dashboard", "path": "img/screenshot-dashboard01.png"},
      {"name": "Annotations", "path": "img/screenshot-annotations.png"},
      {"name": "Metric Editor", "path": "img/screenshot-metric_editor.png"},
      {"name": "Triggers", "path": "img/screenshot-triggers.png"}
    ],
    "version": "3.2.0",
    "updated": "2016-12-20"
  },

  "includes": [
    {
      "type": "datasource",
      "name": "Zabbix Datasource"
    },
    {
      "type": "panel",
      "name": "Triggers Panel"
    },
    {
      "type": "dashboard",
      "name": "Zabbix Server Dashboard",
      "path": "dashboards/zabbix_server_dashboard.json",
      "addToNav": true
    },
    {
      "type": "dashboard",
      "name": "Template Linux Server",
      "path": "dashboards/template_linux_server.json",
      "addToNav": true
    }
  ],

  "dependencies": {
    "grafanaVersion": "3.x.x",
    "plugins": []
  }
}
