{
  "id": null,
  "title": "Template Linux Server",
  "originalTitle": "Template Linux Server",
  "tags": [
    "zabbix",
    "example"
  ],
  "style": "dark",
  "timezone": "browser",
  "editable": true,
  "hideControls": false,
  "sharedCrosshair": false,
  "rows": [
    {
      "collapse": false,
      "editable": true,
      "height": "250px",
      "panels": [
        {
          "aliasColors": {
            "CPU iowait time": "#B7DBAB",
            "CPU system time": "#BF1B00",
            "CPU user time": "#EAB839"
          },
          "bars": false,
          "datasource": null,
          "editable": true,
          "error": false,
          "fill": 3,
          "grid": {
            "threshold1": null,
            "threshold1Color": "rgba(216, 200, 27, 0.27)",
            "threshold2": null,
            "threshold2Color": "rgba(234, 112, 112, 0.22)"
          },
          "id": 1,
          "legend": {
            "avg": false,
            "current": false,
            "max": false,
            "min": false,
            "show": true,
            "total": false,
            "values": false
          },
          "lines": true,
          "linewidth": 1,
          "links": [],
          "nullPointMode": "connected",
          "percentage": false,
          "pointradius": 2,
          "points": false,
          "renderer": "flot",
          "seriesOverrides": [],
          "span": 6,
          "stack": true,
          "steppedLine": false,
          "targets": [
            {
              "application": {
                "filter": "CPU"
              },
              "functions": [],
              "group": {
                "filter": "$group"
              },
              "host": {
                "filter": "$host"
              },
              "item": {
                "filter": "/CPU/"
              },
              "mode": 0,
              "refId": "A"
            }
          ],
          "timeFrom": null,
          "timeShift": null,
          "title": "CPU",
          "tooltip": {
            "msResolution": false,
            "shared": true,
            "value_type": "individual"
          },
          "type": "graph",
          "xaxis": {
            "show": true
          },
          "yaxes": [
            {
              "format": "percent",
              "logBase": 1,
              "max": 100,
              "min": 0,
              "show": true
            },
            {
              "format": "short",
              "logBase": 1,
              "max": null,
              "min": null,
              "show": true
            }
          ]
        },
        {
          "aliasColors": {
            "Processor load (1 min average per core)": "#1F78C1"
          },
          "bars": false,
          "datasource": null,
          "editable": true,
          "error": false,
          "fill": 1,
          "grid": {
            "threshold1": null,
            "threshold1Color": "rgba(216, 200, 27, 0.27)",
            "threshold2": null,
            "threshold2Color": "rgba(234, 112, 112, 0.22)"
          },
          "id": 2,
          "legend": {
            "avg": false,
            "current": false,
            "max": false,
            "min": false,
            "show": true,
            "total": false,
            "values": false
          },
          "lines": true,
          "linewidth": 2,
          "links": [],
          "nullPointMode": "connected",
          "percentage": false,
          "pointradius": 5,
          "points": false,
          "renderer": "flot",
          "seriesOverrides": [],
          "span": 6,
          "stack": false,
          "steppedLine": false,
          "targets": [
            {
              "application": {
                "filter": "CPU"
              },
              "functions": [],
              "group": {
                "filter": "$group"
              },
              "host": {
                "filter": "$host"
              },
              "item": {
                "filter": "Processor load (15 min average per core)"
              },
              "mode": 0,
              "refId": "A"
            }
          ],
          "timeFrom": null,
          "timeShift": null,
          "title": "System load",
          "tooltip": {
            "msResolution": false,
            "shared": true,
            "value_type": "cumulative"
          },
          "type": "graph",
          "xaxis": {
            "show": true
          },
          "yaxes": [
            {
              "format": "short",
              "logBase": 1,
              "max": null,
              "min": 0,
              "show": true
            },
            {
              "format": "short",
              "logBase": 1,
              "max": null,
              "min": null,
              "show": true
            }
          ]
        }
      ],
      "showTitle": true,
      "title": "CPU"
    },
    {
      "collapse": false,
      "editable": true,
      "height": "250px",
      "panels": [
        {
          "aliasColors": {},
          "bars": false,
          "datasource": null,
          "editable": true,
          "error": false,
          "fill": 3,
          "grid": {
            "threshold1": null,
            "threshold1Color": "rgba(216, 200, 27, 0.27)",
            "threshold2": null,
            "threshold2Color": "rgba(234, 112, 112, 0.22)"
          },
          "id": 3,
          "legend": {
            "alignAsTable": false,
            "avg": false,
            "current": false,
            "max": false,
            "min": false,
            "rightSide": false,
            "show": true,
            "total": false,
            "values": false
          },
          "lines": true,
          "linewidth": 2,
          "links": [],
          "minSpan": 4,
          "nullPointMode": "connected",
          "percentage": false,
          "pointradius": 5,
          "points": false,
          "renderer": "flot",
          "repeat": "netif",
          "scopedVars": {
            "netif": {
              "text": "eth0",
              "value": "eth0",
              "selected": false
            }
          },
          "seriesOverrides": [
            {
              "alias": "/Incoming/",
              "transform": "negative-Y"
            }
          ],
          "span": 6,
          "stack": false,
          "steppedLine": false,
          "targets": [
            {
              "application": {
                "filter": ""
              },
              "functions": [],
              "group": {
                "filter": "$group"
              },
              "host": {
                "filter": "$host"
              },
              "item": {
                "filter": "/$netif/"
              },
              "mode": 0,
              "refId": "A"
            }
          ],
          "timeFrom": null,
          "timeShift": null,
          "title": "Network traffic on $netif",
          "tooltip": {
            "msResolution": false,
            "shared": true,
            "value_type": "cumulative"
          },
          "type": "graph",
          "xaxis": {
            "show": true
          },
          "yaxes": [
            {
              "format": "bps",
              "logBase": 1,
              "max": null,
              "min": null,
              "show": true
            },
            {
              "format": "short",
              "logBase": 1,
              "max": null,
              "min": null,
              "show": true
            }
          ]
        },
        {
          "aliasColors": {},
          "bars": false,
          "datasource": null,
          "editable": true,
          "error": false,
          "fill": 3,
          "grid": {
            "threshold1": null,
            "threshold1Color": "rgba(216, 200, 27, 0.27)",
            "threshold2": null,
            "threshold2Color": "rgba(234, 112, 112, 0.22)"
          },
          "id": 4,
          "legend": {
            "alignAsTable": false,
            "avg": false,
            "current": false,
            "max": false,
            "min": false,
            "rightSide": false,
            "show": true,
            "total": false,
            "values": false
          },
          "lines": true,
          "linewidth": 2,
          "links": [],
          "minSpan": 4,
          "nullPointMode": "connected",
          "percentage": false,
          "pointradius": 5,
          "points": false,
          "renderer": "flot",
          "repeat": null,
          "scopedVars": {
            "netif": {
              "text": "eth1",
              "value": "eth1",
              "selected": false
            }
          },
          "seriesOverrides": [
            {
              "alias": "/Incoming/",
              "transform": "negative-Y"
            }
          ],
          "span": 6,
          "stack": false,
          "steppedLine": false,
          "targets": [
            {
              "application": {
                "filter": ""
              },
              "functions": [],
              "group": {
                "filter": "$group"
              },
              "host": {
                "filter": "$host"
              },
              "item": {
                "filter": "/$netif/"
              },
              "mode": 0,
              "refId": "A"
            }
          ],
          "timeFrom": null,
          "timeShift": null,
          "title": "Network traffic on $netif",
          "tooltip": {
            "msResolution": false,
            "shared": true,
            "value_type": "cumulative"
          },
          "type": "graph",
          "xaxis": {
            "show": true
          },
          "yaxes": [
            {
              "format": "bps",
              "logBase": 1,
              "max": null,
              "min": null,
              "show": true
            },
            {
              "format": "short",
              "logBase": 1,
              "max": null,
              "min": null,
              "show": true
            }
          ],
          "repeatIteration": 1460635040618,
          "repeatPanelId": 3
        }
      ],
      "showTitle": true,
      "title": "Network"
    }
  ],
  "time": {
    "from": "now-3h",
    "to": "now"
  },
  "timepicker": {
    "now": true,
    "refresh_intervals": [
      "30s",
      "1m",
      "5m",
      "15m",
      "30m",
      "1h",
      "3h",
      "2h",
      "1d"
    ],
    "time_options": [
      "5m",
      "15m",
      "1h",
      "6h",
      "12h",
      "24h",
      "2d",
      "7d",
      "30d"
    ]
  },
  "templating": {
    "list": [
      {
        "allFormat": "regex values",
        "current": {
          "text": "Frontend",
          "value": "Frontend"
        },
        "datasource": null,
        "hide": 0,
        "includeAll": false,
        "label": "Group",
        "multi": false,
        "multiFormat": "glob",
        "name": "group",
        "options": [
          {
            "text": "Backend",
            "value": "Backend",
            "selected": false
          },
          {
            "text": "Database servers",
            "value": "Database servers",
            "selected": false
          },
          {
            "text": "Frontend",
            "value": "Frontend",
            "selected": true
          },
          {
            "text": "Linux servers",
            "value": "Linux servers",
            "selected": false
          },
          {
            "text": "Network",
            "value": "Network",
            "selected": false
          },
          {
            "text": "Workstations",
            "value": "Workstations",
            "selected": false
          },
          {
            "text": "Zabbix servers",
            "value": "Zabbix servers",
            "selected": false
          }
        ],
        "query": "*",
        "refresh": 1,
        "refresh_on_load": false,
        "regex": "",
        "type": "query"
      },
      {
        "allFormat": "glob",
        "current": {
          "text": "frontend01",
          "value": "frontend01"
        },
        "datasource": null,
        "hide": 0,
        "includeAll": false,
        "label": "Host",
        "multi": false,
        "multiFormat": "glob",
        "name": "host",
        "options": [
          {
            "text": "frontend01",
            "value": "frontend01",
            "selected": true
          },
          {
            "text": "frontend02",
            "value": "frontend02",
            "selected": false
          }
        ],
        "query": "$group.*",
        "refresh": 1,
        "refresh_on_load": false,
        "regex": "",
        "type": "query"
      },
      {
        "allFormat": "regex values",
        "current": {
          "text": "All",
          "value": "$__all"
        },
        "datasource": null,
        "hide": 0,
        "hideLabel": false,
        "includeAll": true,
        "label": "Network interface",
        "multi": true,
        "multiFormat": "regex values",
        "name": "netif",
        "options": [
          {
            "text": "All",
            "value": "$__all",
            "selected": true
          },
          {
            "text": "eth0",
            "value": "eth0",
            "selected": false
          },
          {
            "text": "eth1",
            "value": "eth1",
            "selected": false
          }
        ],
        "query": "*.$host.Network interfaces.*",
        "refresh": 1,
        "refresh_on_load": false,
        "regex": "/(?:Incoming|Outgoing) network traffic on (.*)/",
        "type": "query"
      }
    ]
  },
  "annotations": {
    "list": []
  },
  "schemaVersion": 12,
  "version": 8,
  "links": []
}
